{
    "rmse": 1019.2614220265588,
    "mae": 715.2855310052194,
    "r2": 0.6177684739093547
}